name,country
Kasimir Holmes,Netherlands
Lila Hopkins,France
Dalton Lee,Germany
Demetria Levy,Brazil
Linus Leonard,Ireland
Mason Pennington,Vietnam
Davis Leon,Sweden
Katell Castaneda,Singapore
Fitzgerald Maldonado,Austria
Galvin Cook,Canada
Sydney Frank,Austria
Kane Fox,France
Ruth Fischer,Ukraine
Gloria Lindsey,India
Donna Robbins,Spain
Naida George,Chile
Nerea O'Neill,India
Kelsey Langley,Nigeria
Cameron Davidson,Netherlands
Cameron Cooke,Norway
Jenette Kirkland,Philippines
Rhonda Sosa,China
Ariel Fitzpatrick,Nigeria
Holly Nieves,Chile
Deacon Young,Nigeria
Griffin Vasquez,Chile
John Roman,Peru
Alisa Maynard,Spain
Bevis Erickson,Singapore
Hiroko Harrington,France
Madonna Eaton,New Zealand
Amanda Lloyd,Australia
Kasimir Drake,Costa Rica
Baxter Newton,Pakistan
Stella Neal,Russian Federation
Cairo Robles,New Zealand
Kirby Wells,Philippines
Kenneth Guerrero,India
Levi Webb,Turkey
Piper Case,Ukraine
Minerva Baxter,United Kingdom
Mary Kaufman,Colombia
Geraldine Kinney,Germany
Gloria Wilkerson,Chile
Blaze Sandoval,Vietnam
Kay Ayala,Mexico
Odessa Thomas,Germany
Emma Duke,Brazil
Shelley Jacobson,Philippines
Ashton Vazquez,Austria
Leo Carr,Brazil
Inez Holt,Poland
Shana Wheeler,Ireland
Griffith Golden,Singapore
Meghan Waters,Ukraine
Fletcher Swanson,Italy
Kermit Whitaker,Pakistan
Tara Cline,Sweden
Caldwell Fleming,United States
Clare Wilkerson,Mexico
Carolyn Key,Costa Rica
Felicia William,Norway
Troy Cooke,Ireland
Sylvester Ortiz,Chile
Baxter Adams,Chile
Janna Stone,France
Dale Sharp,Colombia
Idola Drake,South Korea
Dawn Wilkerson,France
Yael Miranda,Netherlands
Rose Lancaster,Spain
Hermione Salas,Ireland
Ishmael Jimenez,Ukraine
Armando Olson,Netherlands
Jade Avery,Singapore
Jescie Juarez,Russian Federation
Iona Stokes,Nigeria
Yvonne Leonard,Nigeria
Lael Copeland,Germany
Basil Matthews,France
John Ford,Nigeria
Aladdin Hernandez,Canada
Channing Simon,Nigeria
Brock Daugherty,Belgium
Yardley Howell,Turkey
Eagan Leblanc,Ireland
Todd Gallegos,Brazil
Lisandra Forbes,Spain
Hadley Stokes,United States
Idona Oliver,Indonesia
Zahir Wolfe,Peru
Mufutau Norris,Austria
Phoebe Ochoa,Pakistan
Drew Barton,Turkey
Lilah Shepard,Germany
Abigail Pierce,Spain
Gannon Fulton,South Africa
Martina Guerra,Norway
Driscoll Monroe,United Kingdom
Solomon Newton,China
